Sample	SampleType	SampleInfo	dorado version	basecall model version	fast	hac	hacdup	sup	supdup	mods	pod5
ZymoFecal	metagenome	https://zymoresearch.eu/collections/zymobiomics-microbial-community-standards/products/zymobiomics-fecal-reference-with-trumatrix-technology	0.7.3	5.0.0	NA	NA	NA	NA	NA	ftp.sra.ebi.ac.uk/vol1/run/ERR142/ERR14251395/PAW77640.dorado0.7.3.bm5.0.0.sup.mod4mC_5mC_6mA.subset.bam	ftp.sra.ebi.ac.uk/vol1/run/ERR147/ERR14789831/PAW77640.tar.gz
ZymoFecal	metagenome	https://zymoresearch.eu/collections/zymobiomics-microbial-community-standards/products/zymobiomics-fecal-reference-with-trumatrix-technology	0.8.2	5.0.0	ftp.sra.ebi.ac.uk/vol1/run/ERR142/ERR14251405/PAW77640.dorado0.8.2.bm5.0.0.fast.sim.fastq.gz	ftp.sra.ebi.ac.uk/vol1/run/ERR142/ERR14251406/PAW77640.dorado0.8.2.bm5.0.0.hac.sim.fastq.gz	NA	ftp.sra.ebi.ac.uk/vol1/run/ERR142/ERR14251407/PAW77640.dorado0.8.2.bm5.0.0.sup.sim.fastq.gz	NA	ftp.sra.ebi.ac.uk/vol1/run/ERR142/ERR14251396/PAW77640.dorado0.8.2.bm5.0.0.sup.sim.mod4mC_5mC_6mA.bam	ftp.sra.ebi.ac.uk/vol1/run/ERR147/ERR14789831/PAW77640.tar.gz
ZymoFecal	metagenome	https://zymoresearch.eu/collections/zymobiomics-microbial-community-standards/products/zymobiomics-fecal-reference-with-trumatrix-technology	1.0.0	5.2.0	NA	NA	NA	NA	NA	ftp.sra.ebi.ac.uk/vol1/run/ERR154/ERR15459726/PAW77640.dorado1.0.0.bm5.2.0_sup.sim.mod4mC_5mC_6mA.bam	ftp.sra.ebi.ac.uk/vol1/run/ERR147/ERR14789831/PAW77640.tar.gz
ZymoGut	mock	https://zymoresearch.eu/products/zymobiomics-gut-microbiome-standard	0.8.2	5.0.0	ftp.sra.ebi.ac.uk/vol1/run/ERR142/ERR14251408/PAY12289_barcode13.dorado0.8.2.bm5.0.0.fast.sim.fastq.gz	ftp.sra.ebi.ac.uk/vol1/run/ERR142/ERR14251409/PAY12289_barcode13.dorado0.8.2.bm5.0.0.hac.sim.fastq.gz	NA	ftp.sra.ebi.ac.uk/vol1/run/ERR142/ERR14251410/PAY12289_barcode13.dorado0.8.2.bm5.0.0.sup.sim.fastq.gz	NA	ftp.sra.ebi.ac.uk/vol1/run/ERR142/ERR14251397/PAY12289_barcode13.dorado0.8.2.bm5.0.0.sup.mod4mC_5mC_6mA.bam	ftp.sra.ebi.ac.uk/vol1/run/ERR147/ERR14789832/PAY12289_barcode13.tar.gz
ZymoGut	mock	https://zymoresearch.eu/products/zymobiomics-gut-microbiome-standard	1.0.0	5.2.0	NA	NA	NA	NA	NA	ftp.sra.ebi.ac.uk/vol1/run/ERR154/ERR15459768/PAY12289_barcode13.dorado1.0.0.bm5.2.0_sup.sim.mod4mC_5mC_6mA.bam	ftp.sra.ebi.ac.uk/vol1/run/ERR147/ERR14789832/PAY12289_barcode13.tar.gz
ZymoHMW	mock	https://zymoresearch.eu/products/zymobiomics-hmw-dna-standard	0.7.3	5.0.0	ftp.sra.ebi.ac.uk/vol1/run/ERR142/ERR14294020/PAS01578.dorado0.7.3.bmdna_r10.4.1_e8.2_400bps_5.0.0_fast.sim.fastq.gz	ftp.sra.ebi.ac.uk/vol1/run/ERR142/ERR14294021/PAS01578.dorado0.7.3.bmdna_r10.4.1_e8.2_400bps_5.0.0_hac.sim.fastq.gz	ftp.sra.ebi.ac.uk/vol1/run/ERR142/ERR14294022/PAS01578.dorado0.7.3.bmdna_r10.4.1_e8.2_400bps_5.0.0_hac.dup.fastq.gz	ftp.sra.ebi.ac.uk/vol1/run/ERR142/ERR14294023/PAS01578.dorado0.7.3.bmdna_r10.4.1_e8.2_400bps_5.0.0_sup.sim.fastq.gz	ftp.sra.ebi.ac.uk/vol1/run/ERR142/ERR14294024/PAS01578.dorado0.7.3.bmdna_r10.4.1_e8.2_400bps_5.0.0_sup.dup.fastq.gz	ftp.sra.ebi.ac.uk/vol1/run/ERR142/ERR14251398/PAS01578.dorado0.7.3.bmdna_r10.4.1_e8.2_400bps@5.0.0_sup.sim.mod4mC_5mC_6mA.bam	ftp.sra.ebi.ac.uk/vol1/run/ERR147/ERR14789833/PAS01578.tar.gz
ZymoHMW	mock	https://zymoresearch.eu/products/zymobiomics-hmw-dna-standard	1.0.0	5.2.0	ftp.sra.ebi.ac.uk/vol1/run/ERR154/ERR15459722/PAS01578.dorado1.0.0.bm5.2.0_fast.sim.bam	ftp.sra.ebi.ac.uk/vol1/run/ERR154/ERR15459723/PAS01578.dorado1.0.0.bm5.2.0_hac.sim.bam	NA	ftp.sra.ebi.ac.uk/vol1/run/ERR154/ERR15459724/PAS01578.dorado1.0.0.bm5.2.0_sup.sim.bam	NA	ftp.sra.ebi.ac.uk/vol1/run/ERR154/ERR15459725/PAS01578.dorado1.0.0.bm5.2.0_sup.sim.mod4mC_5mC_6mA.bam	ftp.sra.ebi.ac.uk/vol1/run/ERR147/ERR14789833/PAS01578.tar.gz
ZymoHMW	mock	https://zymoresearch.eu/products/zymobiomics-hmw-dna-standard	1.0.0	5.0.0	NA	NA	NA	NA	NA	NA	ftp.sra.ebi.ac.uk/vol1/run/ERR147/ERR14789833/PAS01578.tar.gz
ZymoOral	mock	https://zymoresearch.eu/products/zymobiomics-oral-microbiome-standard	1.0.0	5.2.0	NA	NA	NA	NA	NA	ftp.sra.ebi.ac.uk/vol1/run/ERR154/ERR15459767/PAY12289_barcode12.dorado1.0.0.bm5.2.0_sup.sim.mod4mC_5mC_6mA.bam	ftp.sra.ebi.ac.uk/vol1/run/ERR147/ERR14789834/PAY12289_barcode12.tar.gz
ZymoOral	mock	https://zymoresearch.eu/products/zymobiomics-oral-microbiome-standard	0.8.2	5.0.0	ftp.sra.ebi.ac.uk/vol1/run/ERR142/ERR14251411/PAY12289_barcode12.dorado0.8.2.bm5.0.0.fast.sim.fastq.gz	ftp.sra.ebi.ac.uk/vol1/run/ERR142/ERR14251412/PAY12289_barcode12.dorado0.8.2.bm5.0.0.hac.sim.fastq.gz	NA	ftp.sra.ebi.ac.uk/vol1/run/ERR142/ERR14251413/PAY12289_barcode12.dorado0.8.2.bm5.0.0.sup.sim.fastq.gz	NA	ftp.sra.ebi.ac.uk/vol1/run/ERR142/ERR14251399/PAY12289_barcode12.dorado0.8.2.bm5.0.0.sup.mod4mC_5mC_6mA.bam	ftp.sra.ebi.ac.uk/vol1/run/ERR147/ERR14789834/PAY12289_barcode12.tar.gz
Anabaena variabilis PCC 7120 DSM 107007	monoculture	https://www.dsmz.de/collection/catalogue/details/culture/DSM-107007	0.8.2	5.0.0	ftp.sra.ebi.ac.uk/vol1/run/ERR142/ERR14251414/PAW78174_barcode01.dorado0.8.2.bm5.0.0.fast.sim.fastq.gz	ftp.sra.ebi.ac.uk/vol1/run/ERR142/ERR14251415/PAW78174_barcode01.dorado0.8.2.bm5.0.0.hac.sim.fastq.gz	NA	ftp.sra.ebi.ac.uk/vol1/run/ERR142/ERR14251416/PAW78174_barcode01.dorado0.8.2.bm5.0.0.sup.sim.fastq.gz	NA	ftp.sra.ebi.ac.uk/vol1/run/ERR142/ERR14294002/PAW78174_barcode01.dorado0.8.2.bm5.0.0.sup.mod4mC_5mC_6mA.bam	ftp.sra.ebi.ac.uk/vol1/run/ERR147/ERR14789835/PAW78174_barcode01.tar.gz
Anabaena variabilis PCC 7120 DSM 107007	monoculture	https://www.dsmz.de/collection/catalogue/details/culture/DSM-107007	1.0.0	5.2.0	ftp.sra.ebi.ac.uk/vol1/run/ERR154/ERR15459727/PAW78174_barcode01.dorado1.0.0.bm5.2.0_fast.sim.bam	ftp.sra.ebi.ac.uk/vol1/run/ERR154/ERR15459728/PAW78174_barcode01.dorado1.0.0.bm5.2.0_hac.sim.bam	NA	ftp.sra.ebi.ac.uk/vol1/run/ERR154/ERR15459729/PAW78174_barcode01.dorado1.0.0.bm5.2.0_sup.sim.bam	NA	ftp.sra.ebi.ac.uk/vol1/run/ERR154/ERR15459730/PAW78174_barcode01.dorado1.0.0.bm5.2.0_sup.sim.mod4mC_5mC_6mA.bam	ftp.sra.ebi.ac.uk/vol1/run/ERR147/ERR14789835/PAW78174_barcode01.tar.gz
Desulfobacca acetoxidans ASRB2 DSM 11109	monoculture	https://www.dsmz.de/collection/catalogue/details/culture/DSM-11109	0.8.2	5.0.0	ftp.sra.ebi.ac.uk/vol1/run/ERR142/ERR14294025/PAW78174_barcode11.dorado0.8.2.bm5.0.0.fast.sim.fastq.gz	ftp.sra.ebi.ac.uk/vol1/run/ERR142/ERR14294026/PAW78174_barcode11.dorado0.8.2.bm5.0.0.hac.sim.fastq.gz	NA	ftp.sra.ebi.ac.uk/vol1/run/ERR142/ERR14294027/PAW78174_barcode11.dorado0.8.2.bm5.0.0.sup.sim.fastq.gz	NA	ftp.sra.ebi.ac.uk/vol1/run/ERR142/ERR14294003/PAW78174_barcode11.dorado0.8.2.bm5.0.0.sup.mod4mC_5mC_6mA.bam	ftp.sra.ebi.ac.uk/vol1/run/ERR147/ERR14789836/PAW78174_barcode11.tar.gz
Desulfobacca acetoxidans ASRB2 DSM 11109	monoculture	https://www.dsmz.de/collection/catalogue/details/culture/DSM-11109	1.0.0	5.2.0	ftp.sra.ebi.ac.uk/vol1/run/ERR154/ERR15459763/PAW78174_barcode11.dorado1.0.0.bm5.2.0_fast.sim.bam	ftp.sra.ebi.ac.uk/vol1/run/ERR154/ERR15459764/PAW78174_barcode11.dorado1.0.0.bm5.2.0_hac.sim.bam	NA	ftp.sra.ebi.ac.uk/vol1/run/ERR154/ERR15459765/PAW78174_barcode11.dorado1.0.0.bm5.2.0_sup.sim.bam	NA	ftp.sra.ebi.ac.uk/vol1/run/ERR154/ERR15459766/PAW78174_barcode11.dorado1.0.0.bm5.2.0_sup.sim.mod4mC_5mC_6mA.bam	ftp.sra.ebi.ac.uk/vol1/run/ERR147/ERR14789836/PAW78174_barcode11.tar.gz
Sagittula stellata E-37 DSM 11524	monoculture	https://www.dsmz.de/collection/catalogue/details/culture/DSM-11524	0.8.2	5.0.0	ftp.sra.ebi.ac.uk/vol1/run/ERR142/ERR14251417/PAW78174_barcode05.dorado0.8.2.bm5.0.0.fast.sim.fastq.gz	ftp.sra.ebi.ac.uk/vol1/run/ERR142/ERR14251418/PAW78174_barcode05.dorado0.8.2.bm5.0.0.hac.sim.fastq.gz	NA	ftp.sra.ebi.ac.uk/vol1/run/ERR142/ERR14251419/PAW78174_barcode05.dorado0.8.2.bm5.0.0.sup.sim.fastq.gz	NA	ftp.sra.ebi.ac.uk/vol1/run/ERR142/ERR14294004/PAW78174_barcode05.dorado0.8.2.bm5.0.0.sup.mod4mC_5mC_6mA.bam	ftp.sra.ebi.ac.uk/vol1/run/ERR147/ERR14789837/PAW78174_barcode05.tar.gz
Sagittula stellata E-37 DSM 11524	monoculture	https://www.dsmz.de/collection/catalogue/details/culture/DSM-11524	1.0.0	5.2.0	ftp.sra.ebi.ac.uk/vol1/run/ERR154/ERR15459743/PAW78174_barcode05.dorado1.0.0.bm5.2.0_fast.sim.bam	ftp.sra.ebi.ac.uk/vol1/run/ERR154/ERR15459744/PAW78174_barcode05.dorado1.0.0.bm5.2.0_hac.sim.bam	NA	ftp.sra.ebi.ac.uk/vol1/run/ERR154/ERR15459745/PAW78174_barcode05.dorado1.0.0.bm5.2.0_sup.sim.bam	NA	ftp.sra.ebi.ac.uk/vol1/run/ERR154/ERR15459746/PAW78174_barcode05.dorado1.0.0.bm5.2.0_sup.sim.mod4mC_5mC_6mA.bam	ftp.sra.ebi.ac.uk/vol1/run/ERR147/ERR14789837/PAW78174_barcode05.tar.gz
Salmonella bongori 1224.72 DSM 13772	monoculture	https://www.dsmz.de/collection/catalogue/details/culture/DSM-13772	0.8.2	5.0.0	ftp.sra.ebi.ac.uk/vol1/run/ERR142/ERR14251420/PAW78174_barcode07.dorado0.8.2.bm5.0.0.fast.sim.fastq.gz	ftp.sra.ebi.ac.uk/vol1/run/ERR142/ERR14251421/PAW78174_barcode07.dorado0.8.2.bm5.0.0.hac.sim.fastq.gz	NA	ftp.sra.ebi.ac.uk/vol1/run/ERR142/ERR14251422/PAW78174_barcode07.dorado0.8.2.bm5.0.0.sup.sim.fastq.gz	NA	ftp.sra.ebi.ac.uk/vol1/run/ERR142/ERR14294005/PAW78174_barcode07.dorado0.8.2.bm5.0.0.sup.mod4mC_5mC_6mA.bam	ftp.sra.ebi.ac.uk/vol1/run/ERR147/ERR14789838/PAW78174_barcode07.tar.gz
Salmonella bongori 1224.72 DSM 13772	monoculture	https://www.dsmz.de/collection/catalogue/details/culture/DSM-13772	1.0.0	5.2.0	ftp.sra.ebi.ac.uk/vol1/run/ERR154/ERR15459751/PAW78174_barcode07.dorado1.0.0.bm5.2.0_fast.sim.bam	ftp.sra.ebi.ac.uk/vol1/run/ERR154/ERR15459752/PAW78174_barcode07.dorado1.0.0.bm5.2.0_hac.sim.bam	NA	ftp.sra.ebi.ac.uk/vol1/run/ERR154/ERR15459753/PAW78174_barcode07.dorado1.0.0.bm5.2.0_sup.sim.bam	NA	ftp.sra.ebi.ac.uk/vol1/run/ERR154/ERR15459754/PAW78174_barcode07.dorado1.0.0.bm5.2.0_sup.sim.mod4mC_5mC_6mA.bam	ftp.sra.ebi.ac.uk/vol1/run/ERR147/ERR14789838/PAW78174_barcode07.tar.gz
Burkholderia cenocepacia J2315 DSM 16553	monoculture	https://www.dsmz.de/collection/catalogue/details/culture/DSM-16553	0.8.2	5.0.0	ftp.sra.ebi.ac.uk/vol1/run/ERR142/ERR14251423/PAW78174_barcode06.dorado0.8.2.bm5.0.0.fast.sim.fastq.gz	ftp.sra.ebi.ac.uk/vol1/run/ERR142/ERR14251424/PAW78174_barcode06.dorado0.8.2.bm5.0.0.hac.sim.fastq.gz	NA	ftp.sra.ebi.ac.uk/vol1/run/ERR142/ERR14251425/PAW78174_barcode06.dorado0.8.2.bm5.0.0.sup.sim.fastq.gz	NA	ftp.sra.ebi.ac.uk/vol1/run/ERR142/ERR14294006/PAW78174_barcode06.dorado0.8.2.bm5.0.0.sup.mod4mC_5mC_6mA.bam	ftp.sra.ebi.ac.uk/vol1/run/ERR147/ERR14789839/PAW78174_barcode06.tar.gz
Burkholderia cenocepacia J2315 DSM 16553	monoculture	https://www.dsmz.de/collection/catalogue/details/culture/DSM-16553	1.0.0	5.2.0	ftp.sra.ebi.ac.uk/vol1/run/ERR154/ERR15459747/PAW78174_barcode06.dorado1.0.0.bm5.2.0_fast.sim.bam	ftp.sra.ebi.ac.uk/vol1/run/ERR154/ERR15459748/PAW78174_barcode06.dorado1.0.0.bm5.2.0_hac.sim.bam	NA	ftp.sra.ebi.ac.uk/vol1/run/ERR154/ERR15459749/PAW78174_barcode06.dorado1.0.0.bm5.2.0_sup.sim.bam	NA	ftp.sra.ebi.ac.uk/vol1/run/ERR154/ERR15459750/PAW78174_barcode06.dorado1.0.0.bm5.2.0_sup.sim.mod4mC_5mC_6mA.bam	ftp.sra.ebi.ac.uk/vol1/run/ERR147/ERR14789839/PAW78174_barcode06.tar.gz
Sphaerobacter thermophilus S 6022 DSM 20745	monoculture	https://www.dsmz.de/collection/catalogue/details/culture/DSM-20745	0.8.2	5.0.0	ftp.sra.ebi.ac.uk/vol1/run/ERR142/ERR14251426/PAW78174_barcode10.dorado0.8.2.bm5.0.0.fast.sim.fastq.gz	ftp.sra.ebi.ac.uk/vol1/run/ERR142/ERR14251427/PAW78174_barcode10.dorado0.8.2.bm5.0.0.hac.sim.fastq.gz	NA	ftp.sra.ebi.ac.uk/vol1/run/ERR142/ERR14251428/PAW78174_barcode10.dorado0.8.2.bm5.0.0.sup.sim.fastq.gz	NA	ftp.sra.ebi.ac.uk/vol1/run/ERR142/ERR14294007/PAW78174_barcode10.dorado0.8.2.bm5.0.0.sup.mod4mC_5mC_6mA.bam	ftp.sra.ebi.ac.uk/vol1/run/ERR147/ERR14789840/PAW78174_barcode10.tar.gz
Sphaerobacter thermophilus S 6022 DSM 20745	monoculture	https://www.dsmz.de/collection/catalogue/details/culture/DSM-20745	1.0.0	5.2.0	ftp.sra.ebi.ac.uk/vol1/run/ERR154/ERR15459759/PAW78174_barcode10.dorado1.0.0.bm5.2.0_fast.sim.bam	ftp.sra.ebi.ac.uk/vol1/run/ERR154/ERR15459760/PAW78174_barcode10.dorado1.0.0.bm5.2.0_hac.sim.bam	NA	ftp.sra.ebi.ac.uk/vol1/run/ERR154/ERR15459761/PAW78174_barcode10.dorado1.0.0.bm5.2.0_sup.sim.bam	NA	ftp.sra.ebi.ac.uk/vol1/run/ERR154/ERR15459762/PAW78174_barcode10.dorado1.0.0.bm5.2.0_sup.sim.mod4mC_5mC_6mA.bam	ftp.sra.ebi.ac.uk/vol1/run/ERR147/ERR14789840/PAW78174_barcode10.tar.gz
Zymomonas mobilis subsp. pomaceae Barker I DSM 22645	monoculture	https://www.dsmz.de/collection/catalogue/details/culture/DSM-22645	0.8.2	5.0.0	ftp.sra.ebi.ac.uk/vol1/run/ERR142/ERR14251429/PAW78174_barcode08.dorado0.8.2.bm5.0.0.fast.sim.fastq.gz	ftp.sra.ebi.ac.uk/vol1/run/ERR142/ERR14251430/PAW78174_barcode08.dorado0.8.2.bm5.0.0.hac.sim.fastq.gz	NA	ftp.sra.ebi.ac.uk/vol1/run/ERR142/ERR14251431/PAW78174_barcode08.dorado0.8.2.bm5.0.0.sup.sim.fastq.gz	NA	ftp.sra.ebi.ac.uk/vol1/run/ERR142/ERR14294008/PAW78174_barcode08.dorado0.8.2.bm5.0.0.sup.mod4mC_5mC_6mA.bam	ftp.sra.ebi.ac.uk/vol1/run/ERR147/ERR14789841/PAW78174_barcode08.tar.gz
Zymomonas mobilis subsp. pomaceae Barker I DSM 22645	monoculture	https://www.dsmz.de/collection/catalogue/details/culture/DSM-22645	1.0.0	5.2.0	ftp.sra.ebi.ac.uk/vol1/run/ERR154/ERR15459755/PAW78174_barcode08.dorado1.0.0.bm5.2.0_fast.sim.bam	ftp.sra.ebi.ac.uk/vol1/run/ERR154/ERR15459756/PAW78174_barcode08.dorado1.0.0.bm5.2.0_hac.sim.bam	NA	ftp.sra.ebi.ac.uk/vol1/run/ERR154/ERR15459757/PAW78174_barcode08.dorado1.0.0.bm5.2.0_sup.sim.bam	NA	ftp.sra.ebi.ac.uk/vol1/run/ERR154/ERR15459758/PAW78174_barcode08.dorado1.0.0.bm5.2.0_sup.sim.mod4mC_5mC_6mA.bam	ftp.sra.ebi.ac.uk/vol1/run/ERR147/ERR14789841/PAW78174_barcode08.tar.gz
Methanocaldococcus jannaschii JAL-1 DSM 2661	monoculture	https://www.dsmz.de/collection/catalogue/details/culture/DSM-2661	0.8.2	5.0.0	ftp.sra.ebi.ac.uk/vol1/run/ERR142/ERR14251432/PAW78174_barcode04.dorado0.8.2.bm5.0.0.fast.sim.fastq.gz	ftp.sra.ebi.ac.uk/vol1/run/ERR142/ERR14251433/PAW78174_barcode04.dorado0.8.2.bm5.0.0.hac.sim.fastq.gz	NA	ftp.sra.ebi.ac.uk/vol1/run/ERR142/ERR14251434/PAW78174_barcode04.dorado0.8.2.bm5.0.0.sup.sim.fastq.gz	NA	ftp.sra.ebi.ac.uk/vol1/run/ERR142/ERR14294009/PAW78174_barcode04.dorado0.8.2.bm5.0.0.sup.mod4mC_5mC_6mA.bam	ftp.sra.ebi.ac.uk/vol1/run/ERR147/ERR14789842/PAW78174_barcode04.tar.gz
Methanocaldococcus jannaschii JAL-1 DSM 2661	monoculture	https://www.dsmz.de/collection/catalogue/details/culture/DSM-2661	1.0.0	5.2.0	ftp.sra.ebi.ac.uk/vol1/run/ERR154/ERR15459739/PAW78174_barcode04.dorado1.0.0.bm5.2.0_fast.sim.bam	ftp.sra.ebi.ac.uk/vol1/run/ERR154/ERR15459740/PAW78174_barcode04.dorado1.0.0.bm5.2.0_hac.sim.bam	NA	ftp.sra.ebi.ac.uk/vol1/run/ERR154/ERR15459741/PAW78174_barcode04.dorado1.0.0.bm5.2.0_sup.sim.bam	NA	ftp.sra.ebi.ac.uk/vol1/run/ERR154/ERR15459742/PAW78174_barcode04.dorado1.0.0.bm5.2.0_sup.sim.mod4mC_5mC_6mA.bam	ftp.sra.ebi.ac.uk/vol1/run/ERR147/ERR14789842/PAW78174_barcode04.tar.gz
Sphaerotilus natans 6 DSM 6575	monoculture	https://www.dsmz.de/collection/catalogue/details/culture/DSM-6575	0.8.2	5.0.0	ftp.sra.ebi.ac.uk/vol1/run/ERR142/ERR14251435/PAW78174_barcode03.dorado0.8.2.bm5.0.0.fast.sim.fastq.gz	ftp.sra.ebi.ac.uk/vol1/run/ERR142/ERR14251436/PAW78174_barcode03.dorado0.8.2.bm5.0.0.hac.sim.fastq.gz	NA	ftp.sra.ebi.ac.uk/vol1/run/ERR142/ERR14251437/PAW78174_barcode03.dorado0.8.2.bm5.0.0.sup.sim.fastq.gz	NA	ftp.sra.ebi.ac.uk/vol1/run/ERR142/ERR14294010/PAW78174_barcode03.dorado0.8.2.bm5.0.0.sup.mod4mC_5mC_6mA.bam	ftp.sra.ebi.ac.uk/vol1/run/ERR147/ERR14789843/PAW78174_barcode03.tar.gz
Sphaerotilus natans 6 DSM 6575	monoculture	https://www.dsmz.de/collection/catalogue/details/culture/DSM-6575	1.0.0	5.2.0	ftp.sra.ebi.ac.uk/vol1/run/ERR154/ERR15459735/PAW78174_barcode03.dorado1.0.0.bm5.2.0_fast.sim.bam	ftp.sra.ebi.ac.uk/vol1/run/ERR154/ERR15459736/PAW78174_barcode03.dorado1.0.0.bm5.2.0_hac.sim.bam	NA	ftp.sra.ebi.ac.uk/vol1/run/ERR154/ERR15459737/PAW78174_barcode03.dorado1.0.0.bm5.2.0_sup.sim.bam	NA	ftp.sra.ebi.ac.uk/vol1/run/ERR154/ERR15459738/PAW78174_barcode03.dorado1.0.0.bm5.2.0_sup.sim.mod4mC_5mC_6mA.bam	ftp.sra.ebi.ac.uk/vol1/run/ERR147/ERR14789843/PAW78174_barcode03.tar.gz
Thermanaerovibrio acidaminovorans Su883 DSM 6589	monoculture	https://www.dsmz.de/collection/catalogue/details/culture/DSM-6589	0.8.2	5.0.0	ftp.sra.ebi.ac.uk/vol1/run/ERR142/ERR14251438/PAW78174_barcode02.dorado0.8.2.bm5.0.0.fast.sim.fastq.gz	ftp.sra.ebi.ac.uk/vol1/run/ERR142/ERR14251439/PAW78174_barcode02.dorado0.8.2.bm5.0.0.hac.sim.fastq.gz	NA	ftp.sra.ebi.ac.uk/vol1/run/ERR142/ERR14251440/PAW78174_barcode02.dorado0.8.2.bm5.0.0.sup.sim.fastq.gz	NA	ftp.sra.ebi.ac.uk/vol1/run/ERR142/ERR14294011/PAW78174_barcode02.dorado0.8.2.bm5.0.0.sup.mod4mC_5mC_6mA.bam	ftp.sra.ebi.ac.uk/vol1/run/ERR147/ERR14789844/PAW78174_barcode02.tar.gz
Thermanaerovibrio acidaminovorans Su883 DSM 6589	monoculture	https://www.dsmz.de/collection/catalogue/details/culture/DSM-6589	1.0.0	5.2.0	ftp.sra.ebi.ac.uk/vol1/run/ERR154/ERR15459731/PAW78174_barcode02.dorado1.0.0.bm5.2.0_fast.sim.bam	ftp.sra.ebi.ac.uk/vol1/run/ERR154/ERR15459732/PAW78174_barcode02.dorado1.0.0.bm5.2.0_hac.sim.bam	NA	ftp.sra.ebi.ac.uk/vol1/run/ERR154/ERR15459733/PAW78174_barcode02.dorado1.0.0.bm5.2.0_sup.sim.bam	NA	ftp.sra.ebi.ac.uk/vol1/run/ERR154/ERR15459734/PAW78174_barcode02.dorado1.0.0.bm5.2.0_sup.sim.mod4mC_5mC_6mA.bam	ftp.sra.ebi.ac.uk/vol1/run/ERR147/ERR14789844/PAW78174_barcode02.tar.gz
wwtp_NL-09	metagenome	wwtp_NL-09	1.0.0	5.2.0	NA	NA	NA	NA	NA	ftp.sra.ebi.ac.uk/vol1/run/ERR154/ERR15459716/PAQ87691.dorado1.0.0.bm5.2.0_sup.sim.mod4mC_5mC_6mA.bam	NA
wwtp_IL-01	metagenome	wwtp_IL-01	1.0.0	5.2.0	NA	NA	NA	NA	NA	ftp.sra.ebi.ac.uk/vol1/run/ERR154/ERR15459718/PAQ87858.dorado1.0.0.bm5.2.0_sup.sim.mod4mC_5mC_6mA.bam	NA
wwtp_US2-26	metagenome	wwtp_US2-26	1.0.0	5.2.0	NA	NA	NA	NA	NA	ftp.sra.ebi.ac.uk/vol1/run/ERR154/ERR15459717/PAQ87710.dorado1.0.0.bm5.2.0_sup.sim.mod4mC_5mC_6mA.bam	NA
wwtp_IN-06	metagenome	wwtp_IN-06	1.0.0	5.2.0	NA	NA	NA	NA	NA	ftp.sra.ebi.ac.uk/vol1/run/ERR154/ERR15459720/PAQ95921.dorado1.0.0.bm5.2.0_sup.sim.mod4mC_5mC_6mA.bam	NA
wwtp_US1-124	metagenome	wwtp_US1-124	1.0.0	5.2.0	NA	NA	NA	NA	NA	ftp.sra.ebi.ac.uk/vol1/run/ERR154/ERR15459719/PAQ87909.dorado1.0.0.bm5.2.0_sup.sim.mod4mC_5mC_6mA.bam	NA
sediment_MFD04716	metagenome	https://github.com/cmc-aau/mfd_metadata/blob/main/analysis/releases/latest_mfd_db.xlsx	1.0.0	5.2.0	NA	NA	NA	NA	NA	ftp.sra.ebi.ac.uk/vol1/run/ERR154/ERR15459710/MFD04716.dorado1.0.0.bm5.2.0_sup.sim.mod4mC_5mC_6mA.bam	NA
sediment_MFD00905	metagenome	https://github.com/cmc-aau/mfd_metadata/blob/main/analysis/releases/latest_mfd_db.xlsx	1.0.0	5.2.0	NA	NA	NA	NA	NA	ftp.sra.ebi.ac.uk/vol1/run/ERR154/ERR15459707/MFD00905.dorado1.0.0.bm5.2.0_sup.sim.mod4mC_5mC_6mA.bam	NA
sediment_MFD05674	metagenome	https://github.com/cmc-aau/mfd_metadata/blob/main/analysis/releases/latest_mfd_db.xlsx	1.0.0	5.2.0	NA	NA	NA	NA	NA	ftp.sra.ebi.ac.uk/vol1/run/ERR154/ERR15459711/MFD05674.dorado1.0.0.bm5.2.0_sup.sim.mod4mC_5mC_6mA.bam	NA
sediment_MFD10007	metagenome	https://github.com/cmc-aau/mfd_metadata/blob/main/analysis/releases/latest_mfd_db.xlsx	1.0.0	5.2.0	NA	NA	NA	NA	NA	ftp.sra.ebi.ac.uk/vol1/run/ERR154/ERR15459715/MFD10007.dorado1.0.0.bm5.2.0_sup.sim.mod4mC_5mC_6mA.bam	NA
sediment_MFD09779	metagenome	https://github.com/cmc-aau/mfd_metadata/blob/main/analysis/releases/latest_mfd_db.xlsx	1.0.0	5.2.0	NA	NA	NA	NA	NA	ftp.sra.ebi.ac.uk/vol1/run/ERR154/ERR15459714/MFD09779.dorado1.0.0.bm5.2.0_sup.sim.mod4mC_5mC_6mA.bam	NA
soil_MFD00392	metagenome	https://github.com/cmc-aau/mfd_metadata/blob/main/analysis/releases/latest_mfd_db.xlsx	1.0.0	5.2.0	NA	NA	NA	NA	NA	ftp.sra.ebi.ac.uk/vol1/run/ERR154/ERR15459706/MFD00392.dorado1.0.0.bm5.2.0_sup.sim.mod4mC_5mC_6mA.bam	NA
soil_MFD06742	metagenome	https://github.com/cmc-aau/mfd_metadata/blob/main/analysis/releases/latest_mfd_db.xlsx	1.0.0	5.2.0	NA	NA	NA	NA	NA	ftp.sra.ebi.ac.uk/vol1/run/ERR154/ERR15459713/MFD06742.dorado1.0.0.bm5.2.0_sup.sim.mod4mC_5mC_6mA.bam	NA
soil_MFD06229	metagenome	https://github.com/cmc-aau/mfd_metadata/blob/main/analysis/releases/latest_mfd_db.xlsx	1.0.0	5.2.0	NA	NA	NA	NA	NA	ftp.sra.ebi.ac.uk/vol1/run/ERR154/ERR15459712/MFD06229.dorado1.0.0.bm5.2.0_sup.sim.mod4mC_5mC_6mA.bam	NA
soil_MFD02242	metagenome	https://github.com/cmc-aau/mfd_metadata/blob/main/analysis/releases/latest_mfd_db.xlsx	1.0.0	5.2.0	NA	NA	NA	NA	NA	ftp.sra.ebi.ac.uk/vol1/run/ERR154/ERR15459708/MFD02242.dorado1.0.0.bm5.2.0_sup.sim.mod4mC_5mC_6mA.bam	NA
soil_MFD02360	metagenome	https://github.com/cmc-aau/mfd_metadata/blob/main/analysis/releases/latest_mfd_db.xlsx	1.0.0	5.2.0	NA	NA	NA	NA	NA	ftp.sra.ebi.ac.uk/vol1/run/ERR154/ERR15459709/MFD02360.dorado1.0.0.bm5.2.0_sup.sim.mod4mC_5mC_6mA.bam	NA
